[{"City": "Gulf Gate Estates", "State": "FL", "URL": "http://www.city-data.com/crime/crime-Sarasota-Florida.html", "Crime Index": "333.3"}, {"City": "Lancaster", "State": "PA", "URL": "http://www.city-data.com/crime/crime-Lancaster-Pennsylvania.html", "Crime Index": "461.2"}, {"City": "San Antonio", "State": "TX", "URL": "http://www.city-data.com/crime/crime-San-Antonio-Texas.html", "Crime Index": "475.4"}, {"City": "Grand Rapids", "State": "MI", "URL": "http://www.city-data.com/crime/crime-Grand-Rapids-Michigan.html", "Crime Index": "310.8"}, {"City": "El Paso", "State": "TX", "URL": "http://www.city-data.com/crime/crime-El-Paso-Texas.html", "Crime Index": "199.7"}, {"City": "McAllen", "State": "TX", "URL": "http://www.city-data.com/crime/crime-McAllen-Texas.html", "Crime Index": "191.5"}, {"City": "Daytona Beach", "State": "FL", "URL": "http://www.city-data.com/crime/crime-Daytona-Beach-Florida.html", "Crime Index": "617.9"}, {"City": "Pittsburgh", "State": "PA", "URL": "http://www.city-data.com/crime/crime-Pittsburgh-Pennsylvania.html", "Crime Index": "402.7"}, {"City": "Austin", "State": "TX", "URL": "http://www.city-data.com/crime/crime-Austin-Texas.html", "Crime Index": "312.7"}, {"City": "Washington", "State": "District of Columbia", "URL": "http://www.city-data.com/crime/crime-Washington-District-of-Columbia.html", "Crime Index": "568.9"}, {"City": "Fort Carson", "State": "CO", "URL": "http://www.city-data.com/crime/crime-Colorado-Springs-Colorado.html", "Crime Index": "353.1"}, {"City": "Boise City", "State": "ID", "URL": "http://www.city-data.com/crime/crime-Boise-City-Idaho.html", "Crime Index": "214.7"}, {"City": "Nashville-Davidson (balance)", "State": "TN", "URL": "http://www.city-data.com/crime/crime-Nashville-Davidson-balance-Tennessee.html", "Crime Index": "545.3"}, {"City": "Charlotte", "State": "NC", "URL": "http://www.city-data.com/crime/crime-Charlotte-North-Carolina.html", "Crime Index": "338.6"}, {"City": "Dallas", "State": "TX", "URL": "http://www.city-data.com/crime/crime-Dallas-Texas.html", "Crime Index": "429.3"}, {"City": "San Francisco", "State": "CA", "URL": "http://www.city-data.com/crime/crime-San-Francisco-California.html", "Crime Index": "473.6"}, {"City": "Minneapolis", "State": "MN", "URL": "http://www.city-data.com/crime/crime-Minneapolis-Minnesota.html", "Crime Index": "559.3"}, {"City": "Madison", "State": "WI", "URL": "http://www.city-data.com/crime/crime-Madison-Wisconsin.html", "Crime Index": "238.7"}, {"City": "Houston", "State": "TX", "URL": "http://www.city-data.com/crime/crime-Houston-Texas.html", "Crime Index": "520.7"}, {"City": "Gulf Gate Estates", "State": "FL", "URL": "http://www.city-data.com/crime/crime-Sarasota-Florida.html", "Crime Index": "333.3"}, {"City": "San Diego", "State": "CA", "URL": "http://www.city-data.com/crime/crime-San-Diego-California.html", "Crime Index": "223.5"}, {"City": "Richmond", "State": "VA", "URL": "http://www.city-data.com/crime/crime-Richmond-Virginia.html", "Crime Index": "370.9"}, {"City": "Omaha", "State": "NE", "URL": "http://www.city-data.com/crime/crime-Omaha-Nebraska.html", "Crime Index": "364.7"}, {"City": "Portland", "State": "ME", "URL": "http://www.city-data.com/crime/crime-Portland-Maine.html", "Crime Index": "226.9"}, {"City": "Charleston", "State": "SC", "URL": "http://www.city-data.com/crime/crime-Charleston-South-Carolina.html", "Crime Index": "218.9"}, {"City": "Syracuse", "State": "NY", "URL": "http://www.city-data.com/crime/crime-Syracuse-New-York.html", "Crime Index": "396.4"}, {"City": "Greenville", "State": "SC", "URL": "http://www.city-data.com/crime/crime-Greenville-South-Carolina.html", "Crime Index": "372.7"}, {"City": "Albany", "State": "NY", "URL": "http://www.city-data.com/crime/crime-Albany-New-York.html", "Crime Index": "396.7"}, {"City": "Hartford", "State": "CT", "URL": "http://www.city-data.com/crime/crime-Hartford-Connecticut.html", "Crime Index": "521.6"}, {"City": "Buffalo", "State": "NY", "URL": "http://www.city-data.com/crime/crime-Buffalo-New-York.html", "Crime Index": "537.4"}, {"City": "Harrisburg", "State": "PA", "URL": "http://www.city-data.com/crime/crime-Harrisburg-Pennsylvania.html", "Crime Index": "506.6"}, {"City": "Tampa", "State": "FL", "URL": "http://www.city-data.com/crime/crime-Tampa-Florida.html", "Crime Index": "242.5"}, {"City": "Oklahoma City", "State": "OK", "URL": "http://www.city-data.com/crime/crime-Oklahoma-City-Oklahoma.html", "Crime Index": "435.8"}, {"City": "Walkertown town", "State": "NC", "URL": "http://www.city-data.com/crime/crime-Winston-Salem-North-Carolina.html", "Crime Index": "465.1"}, {"City": "Little Rock", "State": "AR", "URL": "http://www.city-data.com/crime/crime-Little-Rock-Arkansas.html", "Crime Index": "759.7"}, {"City": "Rochester", "State": "NY", "URL": "http://www.city-data.com/crime/crime-Rochester-New-York.html", "Crime Index": "473.8"}, {"City": "Orlando", "State": "FL", "URL": "http://www.city-data.com/crime/crime-Orlando-Florida.html", "Crime Index": "551.8"}, {"City": "Chattanooga", "State": "TN", "URL": "http://www.city-data.com/crime/crime-Chattanooga-Tennessee.html", "Crime Index": "559.2"}, {"City": "Louisville/Jefferson County (balance)", "State": "KY", "URL": "http://www.city-data.com/crime/crime-Louisville-Kentucky.html", "Crime Index": "486.6"}, {"City": "Phoenix", "State": "AZ", "URL": "http://www.city-data.com/crime/crime-Phoenix-Arizona.html", "Crime Index": "402.9"}, {"City": "Jacksonville", "State": "FL", "URL": "http://www.city-data.com/crime/crime-Jacksonville-Florida.html", "Crime Index": "375.5"}, {"City": "Urban Honolulu", "State": "HI", "URL": "https://www.neighborhoodscout.com/hi/honolulu/crime", "Crime Index": "307.5"}, {"City": "Milwaukee", "State": "WI", "URL": "http://www.city-data.com/crime/crime-Milwaukee-Wisconsin.html", "Crime Index": "684.3"}, {"City": "Kansas City", "State": "MO", "URL": "http://www.city-data.com/crime/crime-Kansas-City-Missouri.html", "Crime Index": "707.5"}, {"City": "Melbourne", "State": "FL", "URL": "http://www.city-data.com/crime/crime-Melbourne-Florida.html", "Crime Index": "433.4"}, {"City": "Atlanta", "State": "GA", "URL": "http://www.city-data.com/crime/crime-Atlanta-Georgia.html", "Crime Index": "591.8"}, {"City": "Greensboro", "State": "NC", "URL": "http://www.city-data.com/crime/crime-Greensboro-North-Carolina.html", "Crime Index": "344.5"}, {"City": "Santa Rosa", "State": "CA", "URL": "http://www.city-data.com/crime/crime-Santa-Rosa-California.html", "Crime Index": "204.8"}, {"City": "Cincinnati", "State": "OH", "URL": "http://www.city-data.com/crime/crime-Cincinnati-Ohio.html", "Crime Index": "570.9"}, {"City": "Worcester", "State": "MA", "URL": "http://www.city-data.com/crime/crime-Worcester-Massachusetts.html", "Crime Index": "377.1"}, {"City": "Indianapolis (balance)", "State": "IN", "URL": "http://www.city-data.com/crime/crime-Indianapolis-Indiana.html", "Crime Index": "649.1"}, {"City": "Cayce", "State": "SC", "URL": "http://www.city-data.com/crime/crime-Cayce-South-Carolina.html", "Crime Index": "511.6"}, {"City": "Columbus", "State": "OH", "URL": "http://www.city-data.com/crime/crime-Columbus-Ohio.html", "Crime Index": "414.8"}, {"City": "Tulsa", "State": "OK", "URL": "http://www.city-data.com/crime/crime-Tulsa-Oklahoma.html", "Crime Index": "657.7"}, {"City": "Spokane", "State": "WA", "URL": "http://www.city-data.com/crime/crime-Spokane-Washington.html", "Crime Index": "574.3"}, {"City": "Knoxville", "State": "TN", "URL": "http://www.city-data.com/crime/crime-Knoxville-Tennessee.html", "Crime Index": "538.2"}, {"City": "Tucson", "State": "AZ", "URL": "http://www.city-data.com/crime/crime-Tucson-Arizona.html", "Crime Index": "517.2"}, {"City": "Baton Rouge", "State": "LA", "URL": "http://www.city-data.com/crime/crime-Baton-Rouge-Louisiana.html", "Crime Index": "509.7"}, {"City": "Combee Settlement", "State": "FL", "URL": "http://www.city-data.com/crime/crime-Lakeland-Florida.html", "Crime Index": "357.2"}, {"City": "Dardenne Prairie", "State": "MO", "URL": "http://www.city-data.com/crime/crime-Lake-St.-Louis-Missouri.html", "Crime Index": "130.7"}, {"City": "Sacramento", "State": "CA", "URL": "http://www.city-data.com/crime/crime-Sacramento-California.html", "Crime Index": "356.5"}, {"City": "Springfield", "State": "MA", "URL": "http://www.city-data.com/crime/crime-Springfield-Massachusetts.html", "Crime Index": "461.4"}, {"City": "Wichita", "State": "KS", "URL": "http://www.city-data.com/crime/crime-Wichita-Kansas.html", "Crime Index": "554.8"}, {"City": "Virginia Beach", "State": "VA", "URL": "http://www.city-data.com/crime/crime-Virginia-Beach-Virginia.html", "Crime Index": "159.3"}, {"City": "Fort Myers", "State": "FL", "URL": "http://www.city-data.com/crime/crime-Fort-Myers-Florida.html", "Crime Index": "485.0"}, {"City": "Toledo", "State": "OH", "URL": "http://www.city-data.com/crime/crime-Toledo-Ohio.html", "Crime Index": "567.1"}, {"City": "Augusta-Richmond County (balance)", "State": "GA", "URL": "http://www.city-data.com/crime/crime-North-Augusta-South-Carolina.html", "Crime Index": "273.1"}, {"City": "Baltimore", "State": "MD", "URL": "http://www.city-data.com/crime/crime-Baltimore-Maryland.html", "Crime Index": "823.6"}, {"City": "Albuquerque", "State": "NM", "URL": "http://www.city-data.com/crime/crime-Albuquerque-New-Mexico.html", "Crime Index": "680.2"}, {"City": "Dayton", "State": "OH", "URL": "http://www.city-data.com/crime/crime-Dayton-Ohio.html", "Crime Index": "613.6"}, {"City": "Philadelphia", "State": "PA", "URL": "http://www.city-data.com/crime/crime-Philadelphia-Pennsylvania.html", "Crime Index": "469.6"}, {"City": "Las Vegas", "State": "NV", "URL": "http://www.city-data.com/crime/crime-Las-Vegas-Nevada.html", "Crime Index": "355.3"}, {"City": "Allentown", "State": "PA", "URL": "http://www.city-data.com/crime/crime-Allentown-Pennsylvania.html", "Crime Index": "293.2"}, {"City": "New York", "State": "NY", "URL": "http://www.city-data.com/crime/crime-New-York-New-York.html", "Crime Index": "222.2"}, {"City": "New Haven", "State": "CT", "URL": "http://www.city-data.com/crime/crime-New-Haven-Connecticut.html", "Crime Index": "476.0"}, {"City": "Chicago", "State": "IL", "URL": "http://www.city-data.com/crime/crime-Chicago-Illinois.html", "Crime Index": "510.7"}, {"City": "Brooklyn", "State": "OH", "URL": "http://www.city-data.com/crime/crime-Brooklyn-Ohio.html", "Crime Index": "404.9"}, {"City": "Providence", "State": "RI", "URL": "http://www.city-data.com/crime/crime-Providence-Rhode-Island.html", "Crime Index": "340.8"}, {"City": "Scranton", "State": "PA", "URL": "http://www.city-data.com/crime/crime-Scranton-Pennsylvania.html", "Crime Index": "203.1"}, {"City": "Youngstown", "State": "OH", "URL": "http://www.city-data.com/crime/crime-Youngstown-Ohio.html", "Crime Index": "421.9"}, {"City": "Florence-Graham", "State": "CA", "URL": "http://www.city-data.com/crime/crime-Huntington-Park-California.html", "Crime Index": "414.6"}, {"City": "Detroit", "State": "MI", "URL": "http://www.city-data.com/crime/crime-Detroit-Michigan.html", "Crime Index": "868.0"}, {"City": "Birmingham", "State": "AL", "URL": "http://www.city-data.com/crime/crime-Birmingham-Alabama.html", "Crime Index": "841.0"}, {"City": "Jackson", "State": "MS", "URL": "http://www.city-data.com/crime/crime-Jackson-Mississippi.html", "Crime Index": "550.1"}, {"City": "Doral", "State": "FL", "URL": "http://www.city-data.com/crime/crime-Medley-Florida.html", "Crime Index": "1799.5"}, {"City": "Memphis", "State": "TN", "URL": "http://www.city-data.com/crime/crime-Memphis-Tennessee.html", "Crime Index": "802.0"}, {"City": "New Orleans", "State": "LA", "URL": "http://www.city-data.com/crime/crime-New-Orleans-Louisiana.html", "Crime Index": "610.9"}, {"City": "Fresno", "State": "CA", "URL": "http://www.city-data.com/crime/crime-Fresno-California.html", "Crime Index": "377.6"}, {"City": "Bakersfield", "State": "CA", "URL": "http://www.city-data.com/crime/crime-Bakersfield-California.html", "Crime Index": "382.1"}, {"City": "Stockton", "State": "CA", "URL": "http://www.city-data.com/crime/crime-Stockton-California.html", "Crime Index": "572.7"}, {"City": "Modesto", "State": "CA", "URL": "http://www.city-data.com/crime/crime-Modesto-California.html", "Crime Index": "484.7"}]