[{"rank": 0, "city": "Sarasota", "state": " FL", "url": "https://realestate.usnews.com/dims4/USNEWS/ea70514/2147483647/resize/1024x280/crop/420x280+302+0/quality/85/?url=https://realestate.usnews.com/static-assets/cms/img/bestplaces/41456/FL_Sarasota_superhero_image.jpg"}, {"rank": 1, "city": "Lancaster", "state": " PA", "url": "https://realestate.usnews.com/dims4/USNEWS/b37646b/2147483647/resize/1024x280/crop/420x280+302+0/quality/85/?url=https://realestate.usnews.com/static-assets/cms/img/bestplaces/41672/PA_Lancaster_superhero_image.jpg"}, {"rank": 2, "city": "San Antonio", "state": " TX", "url": "https://realestate.usnews.com/dims4/USNEWS/e5613fe/2147483647/resize/1024x280/crop/420x280+302+0/quality/85/?url=https://realestate.usnews.com/static-assets/cms/img/bestplaces/41776/TX_San_Antonio_superhero_image.jpg"}, {"rank": 3, "city": "Grand Rapids", "state": " MI", "url": "https://realestate.usnews.com/dims4/USNEWS/bdc52ea/2147483647/resize/1024x280/crop/420x280+302+0/quality/85/?url=https://realestate.usnews.com/static-assets/cms/img/bestplaces/41271/MI_Grand_Rapids_superhero_image.jpg"}, {"rank": 4, "city": "El Paso", "state": " TX", "url": "https://realestate.usnews.com/dims4/USNEWS/a6b1433/2147483647/resize/1024x280/crop/420x280+302+0/quality/85/?url=https://realestate.usnews.com/static-assets/cms/img/bestplaces/41247/TX_El_Paso_superhero_image.jpg"}, {"rank": 5, "city": "McAllen", "state": " TX", "url": "https://realestate.usnews.com/dims4/USNEWS/786ae3f/2147483647/resize/1024x280/crop/420x280+302+0/quality/85/?url=https://realestate.usnews.com/static-assets/cms/img/bestplaces/41400/TX_McAllen_superhero_image.jpg"}, {"rank": 6, "city": "Daytona Beach", "state": " FL", "url": "https://realestate.usnews.com/dims4/USNEWS/d738746/2147483647/resize/1024x280/crop/420x280+302+0/quality/85/?url=https://realestate.usnews.com/static-assets/cms/img/bestplaces/41871/FL_Daytona_Beach_superhero_image.jpg"}, {"rank": 7, "city": "Pittsburgh", "state": " PA", "url": "https://realestate.usnews.com/dims4/USNEWS/f678a18/2147483647/resize/1024x280/crop/420x280+302+0/quality/85/?url=https://realestate.usnews.com/static-assets/cms/img/bestplaces/41888/PA_Pittsburgh_superhero_image.jpg"}, {"rank": 8, "city": "Austin", "state": " TX", "url": "https://realestate.usnews.com/dims4/USNEWS/df3f300/2147483647/resize/1024x280/crop/420x280+302+0/quality/85/?url=https://realestate.usnews.com/static-assets/cms/img/bestplaces/41481/TX_Austin_superhero_image.jpg"}, {"rank": 9, "city": "Washington", "state": " DC", "url": "https://realestate.usnews.com/dims4/USNEWS/52ccdc5/2147483647/resize/1024x280/crop/420x280+302+0/quality/85/?url=https://realestate.usnews.com/static-assets/cms/img/bestplaces/42008/DC_Washington_superhero_image.jpg"}, {"rank": 10, "city": "Colorado Springs", "state": " CO", "url": "https://realestate.usnews.com/dims4/USNEWS/0057d91/2147483647/resize/1024x280/crop/420x280+302+0/quality/85/?url=https://realestate.usnews.com/static-assets/cms/img/bestplaces/41538/CO_Colorado_Springs_superhero_image.jpg"}, {"rank": 11, "city": "Boise", "state": " ID", "url": "https://realestate.usnews.com/dims4/USNEWS/2fb5437/2147483647/resize/1024x280/crop/420x280+302+0/quality/85/?url=https://realestate.usnews.com/static-assets/cms/img/bestplaces/41135/ID_Boise_City_superhero_image.jpg"}, {"rank": 12, "city": "Nashville", "state": " TN", "url": "https://realestate.usnews.com/dims4/USNEWS/4b54b41/2147483647/resize/1024x280/crop/420x280+302+0/quality/85/?url=https://realestate.usnews.com/static-assets/cms/img/bestplaces/41439/TN_Nashville_superhero_image.jpg"}, {"rank": 13, "city": "Charlotte", "state": " NC", "url": "https://realestate.usnews.com/dims4/USNEWS/2553767/2147483647/resize/1024x280/crop/420x280+302+0/quality/85/?url=https://realestate.usnews.com/static-assets/cms/img/bestplaces/41162/NC_Charlotte_superhero_image.jpg"}, {"rank": 14, "city": "Dallas-Fort Worth", "state": " TX", "url": "https://realestate.usnews.com/dims4/USNEWS/829896d/2147483647/resize/1024x280/crop/420x280+302+0/quality/85/?url=https://realestate.usnews.com/static-assets/cms/img/bestplaces/41208/TX_Dallas_superhero_image.jpg"}, {"rank": 15, "city": "San Francisco", "state": " CA", "url": "https://realestate.usnews.com/dims4/USNEWS/bc5c53f/2147483647/resize/1024x280/crop/420x280+302+0/quality/85/?url=https://realestate.usnews.com/static-assets/cms/img/bestplaces/41944/CA_San_Francisco_superhero_image.jpg"}, {"rank": 16, "city": "Minneapolis-St. Paul", "state": " MN", "url": "https://realestate.usnews.com/dims4/USNEWS/6ab774c/2147483647/resize/1024x280/crop/420x280+302+0/quality/85/?url=https://realestate.usnews.com/static-assets/cms/img/bestplaces/41419/MN_Minneapolis_superhero_image.jpg"}, {"rank": 17, "city": "Madison", "state": " WI", "url": "https://realestate.usnews.com/dims4/USNEWS/19561f2/2147483647/resize/1024x280/crop/420x280+302+0/quality/85/?url=https://realestate.usnews.com/static-assets/cms/img/bestplaces/41388/WI_Madison_superhero_image.jpg"}, {"rank": 19, "city": "Houston", "state": " TX", "url": "https://realestate.usnews.com/dims4/USNEWS/cf44f67/2147483647/resize/1024x280/crop/420x280+302+0/quality/85/?url=https://realestate.usnews.com/static-assets/cms/img/bestplaces/41303/TX_Houston_superhero_image.jpg"}, {"rank": 21, "city": "San Diego", "state": " CA", "url": "https://realestate.usnews.com/dims4/USNEWS/03d57c0/2147483647/resize/1024x280/crop/420x280+302+0/quality/85/?url=https://realestate.usnews.com/static-assets/cms/img/bestplaces/41777/CA_San_Diego_superhero_image.jpg"}, {"rank": 23, "city": "Richmond", "state": " VA", "url": "https://realestate.usnews.com/dims4/USNEWS/9967fe4/2147483647/resize/1024x280/crop/420x280+302+0/quality/85/?url=https://realestate.usnews.com/static-assets/cms/img/bestplaces/41761/VA_Richmond_superhero_image.jpg"}, {"rank": 24, "city": "Omaha", "state": " NE", "url": "https://realestate.usnews.com/dims4/USNEWS/edab368/2147483647/resize/1024x280/crop/420x280+302+0/quality/85/?url=https://realestate.usnews.com/static-assets/cms/img/bestplaces/41870/NE_Omaha_superhero_image.jpg"}, {"rank": 25, "city": "Portland", "state": " ME", "url": "https://realestate.usnews.com/dims4/USNEWS/43d15df/2147483647/resize/1024x280/crop/420x280+302+0/quality/85/?url=https://realestate.usnews.com/static-assets/cms/img/bestplaces/41892/ME_Portland_superhero_image.jpg"}, {"rank": 26, "city": "Charleston", "state": " SC", "url": "https://realestate.usnews.com/dims4/USNEWS/af0ee7e/2147483647/resize/1024x280/crop/420x280+302+0/quality/85/?url=https://realestate.usnews.com/static-assets/cms/img/bestplaces/41525/SC_Charleston_superhero_image.jpg"}, {"rank": 27, "city": "Syracuse", "state": " NY", "url": "https://realestate.usnews.com/dims4/USNEWS/18ea819/2147483647/resize/1024x280/crop/420x280+302+0/quality/85/?url=https://realestate.usnews.com/static-assets/cms/img/bestplaces/41988/NY_Syracuse_superhero_image.jpg"}, {"rank": 28, "city": "Greenville", "state": " SC", "url": "https://realestate.usnews.com/dims4/USNEWS/b7a6b5e/2147483647/resize/1024x280/crop/420x280+302+0/quality/85/?url=https://realestate.usnews.com/static-assets/cms/img/bestplaces/41282/SC_Greenville_superhero_image.jpg"}, {"rank": 29, "city": "Albany", "state": " NY", "url": "https://realestate.usnews.com/dims4/USNEWS/e315fed/2147483647/resize/1024x280/crop/420x280+302+0/quality/85/?url=https://realestate.usnews.com/static-assets/cms/img/bestplaces/41097/NY_Albany_superhero_image.jpg"}, {"rank": 30, "city": "Hartford", "state": " CT", "url": "https://realestate.usnews.com/dims4/USNEWS/c999ed8/2147483647/resize/1024x280/crop/420x280+302+0/quality/85/?url=https://realestate.usnews.com/static-assets/cms/img/bestplaces/41294/CT_Hartford_superhero_image.jpg"}, {"rank": 32, "city": "Buffalo", "state": " NY", "url": "https://realestate.usnews.com/dims4/USNEWS/e837853/2147483647/resize/1024x280/crop/420x280+302+0/quality/85/?url=https://realestate.usnews.com/static-assets/cms/img/bestplaces/41149/NY_Buffalo_superhero_image.jpg"}, {"rank": 33, "city": "Harrisburg", "state": " PA", "url": "https://realestate.usnews.com/dims4/USNEWS/99f8ba2/2147483647/resize/1024x280/crop/420x280+302+0/quality/85/?url=https://realestate.usnews.com/static-assets/cms/img/bestplaces/41289/PA_Harrisburg_superhero_image.jpg"}, {"rank": 34, "city": "Tampa", "state": " FL", "url": "https://realestate.usnews.com/dims4/USNEWS/6e80e3d/2147483647/resize/1024x280/crop/420x280+302+0/quality/85/?url=https://realestate.usnews.com/static-assets/cms/img/bestplaces/41809/FL_Tampa_superhero_image.jpg"}, {"rank": 35, "city": "Oklahoma City", "state": " OK", "url": "https://realestate.usnews.com/dims4/USNEWS/e35d2ce/2147483647/resize/1024x280/crop/420x280+302+0/quality/85/?url=https://realestate.usnews.com/static-assets/cms/img/bestplaces/41867/OK_Oklahoma_City_superhero_image.jpg"}, {"rank": 36, "city": "Winston-Salem", "state": " NC", "url": "https://realestate.usnews.com/dims4/USNEWS/be5050b/2147483647/resize/1024x280/crop/420x280+302+0/quality/85/?url=https://realestate.usnews.com/static-assets/cms/img/bestplaces/41280/NC_Winston-Salem_superhero_image.jpg"}, {"rank": 37, "city": "Little Rock", "state": " AR", "url": "https://realestate.usnews.com/dims4/USNEWS/2722a8a/2147483647/resize/1024x280/crop/420x280+302+0/quality/85/?url=https://realestate.usnews.com/static-assets/cms/img/bestplaces/41370/AR_Little_Rock_superhero_image.jpg"}, {"rank": 38, "city": "Rochester", "state": " NY", "url": "https://realestate.usnews.com/dims4/USNEWS/f484c33/2147483647/resize/1024x280/crop/420x280+302+0/quality/85/?url=https://realestate.usnews.com/static-assets/cms/img/bestplaces/41923/NY_Rochester_superhero_image.jpg"}, {"rank": 39, "city": "Orlando", "state": " FL", "url": "https://realestate.usnews.com/dims4/USNEWS/e729fbd/2147483647/resize/1024x280/crop/420x280+302+0/quality/85/?url=https://realestate.usnews.com/static-assets/cms/img/bestplaces/41872/FL_Orlando_superhero_image.jpg"}, {"rank": 41, "city": "Chattanooga", "state": " TN", "url": "https://realestate.usnews.com/dims4/USNEWS/8ff55ff/2147483647/resize/1024x280/crop/420x280+302+0/quality/85/?url=https://realestate.usnews.com/static-assets/cms/img/bestplaces/41165/TN_Chattanooga_superhero_image.jpg"}, {"rank": 42, "city": "Louisville", "state": " KY", "url": "https://realestate.usnews.com/dims4/USNEWS/2922e5e/2147483647/resize/1024x280/crop/420x280+302+0/quality/85/?url=https://realestate.usnews.com/static-assets/cms/img/bestplaces/41380/KY_Louisville_superhero_image.jpg"}, {"rank": 43, "city": "Phoenix", "state": " AZ", "url": "https://realestate.usnews.com/dims4/USNEWS/47ce250/2147483647/resize/1024x280/crop/420x280+302+0/quality/85/?url=https://realestate.usnews.com/static-assets/cms/img/bestplaces/41745/AZ_Phoenix_superhero_image.jpg"}, {"rank": 44, "city": "Jacksonville", "state": " FL", "url": "https://realestate.usnews.com/dims4/USNEWS/26097ea/2147483647/resize/1024x280/crop/420x280+302+0/quality/85/?url=https://realestate.usnews.com/static-assets/cms/img/bestplaces/41324/FL_Jacksonville_superhero_image.jpg"}, {"rank": 45, "city": "Honolulu", "state": " HI", "url": "https://realestate.usnews.com/dims4/USNEWS/643faab/2147483647/resize/1024x280/crop/420x280+302+0/quality/85/?url=https://realestate.usnews.com/static-assets/cms/img/bestplaces/41825/HI_Urban_Honolulu_superhero_image.jpg"}, {"rank": 46, "city": "Milwaukee", "state": " WI", "url": "https://realestate.usnews.com/dims4/USNEWS/7b969eb/2147483647/resize/1024x280/crop/420x280+302+0/quality/85/?url=https://realestate.usnews.com/static-assets/cms/img/bestplaces/41413/WI_Milwaukee_superhero_image.jpg"}, {"rank": 47, "city": "Kansas City", "state": " MO", "url": "https://realestate.usnews.com/dims4/USNEWS/c08e3f6/2147483647/resize/1024x280/crop/420x280+302+0/quality/85/?url=https://realestate.usnews.com/static-assets/cms/img/bestplaces/41339/MO_Kansas_City_superhero_image.jpg"}, {"rank": 48, "city": "Melbourne", "state": " FL", "url": "https://realestate.usnews.com/dims4/USNEWS/26de78f/2147483647/resize/1024x280/crop/420x280+302+0/quality/85/?url=https://realestate.usnews.com/static-assets/cms/img/bestplaces/41736/FL_Melbourne_superhero_image.jpg"}, {"rank": 49, "city": "Atlanta", "state": " GA", "url": "https://realestate.usnews.com/dims4/USNEWS/d8d01e0/2147483647/resize/1024x280/crop/420x280+302+0/quality/85/?url=https://realestate.usnews.com/static-assets/cms/img/bestplaces/41115/GA_Atlanta_superhero_image.jpg"}, {"rank": 50, "city": "Greensboro", "state": " NC", "url": "https://realestate.usnews.com/dims4/USNEWS/a45df5f/2147483647/resize/1024x280/crop/420x280+302+0/quality/85/?url=https://realestate.usnews.com/static-assets/cms/img/bestplaces/41278/NC_Greensboro_superhero_image.jpg"}, {"rank": 51, "city": "Santa Rosa", "state": " CA", "url": "https://realestate.usnews.com/dims4/USNEWS/b95b0f1/2147483647/resize/1024x280/crop/420x280+302+0/quality/85/?url=https://realestate.usnews.com/static-assets/cms/img/bestplaces/41948/CA_Santa_Rosa_superhero_image.jpg"}, {"rank": 52, "city": "Cincinnati", "state": " OH", "url": "https://realestate.usnews.com/dims4/USNEWS/473f52a/2147483647/resize/1024x280/crop/420x280+302+0/quality/85/?url=https://realestate.usnews.com/static-assets/cms/img/bestplaces/41174/OH_Cincinnati_superhero_image.jpg"}, {"rank": 53, "city": "Worcester", "state": " MA", "url": "https://realestate.usnews.com/dims4/USNEWS/32376a6/2147483647/resize/1024x280/crop/420x280+302+0/quality/85/?url=https://realestate.usnews.com/static-assets/cms/img/bestplaces/41144/MA_Worcester_superhero_image.jpg"}, {"rank": 54, "city": "Indianapolis", "state": " IN", "url": "https://realestate.usnews.com/dims4/USNEWS/9a112c4/2147483647/resize/1024x280/crop/420x280+302+0/quality/85/?url=https://realestate.usnews.com/static-assets/cms/img/bestplaces/41314/IN_Indianapolis_superhero_image.jpg"}, {"rank": 55, "city": "Columbia", "state": " SC", "url": "https://realestate.usnews.com/dims4/USNEWS/076ffe1/2147483647/resize/1024x280/crop/420x280+302+0/quality/85/?url=https://realestate.usnews.com/static-assets/cms/img/bestplaces/41191/SC_Columbia_superhero_image.jpg"}, {"rank": 56, "city": "Columbus", "state": " OH", "url": "https://realestate.usnews.com/dims4/USNEWS/a623db4/2147483647/resize/1024x280/crop/420x280+302+0/quality/85/?url=https://realestate.usnews.com/static-assets/cms/img/bestplaces/41200/OH_Columbus_superhero_image.jpg"}, {"rank": 58, "city": "Tulsa", "state": " OK", "url": "https://realestate.usnews.com/dims4/USNEWS/8f7219d/2147483647/resize/1024x280/crop/420x280+302+0/quality/85/?url=https://realestate.usnews.com/static-assets/cms/img/bestplaces/41998/OK_Tulsa_superhero_image.jpg"}, {"rank": 59, "city": "Spokane", "state": " WA", "url": "https://realestate.usnews.com/dims4/USNEWS/c14e9e5/2147483647/resize/1024x280/crop/420x280+302+0/quality/85/?url=https://realestate.usnews.com/static-assets/cms/img/bestplaces/41971/WA_Spokane_superhero_image.jpg"}, {"rank": 60, "city": "Knoxville", "state": " TN", "url": "https://realestate.usnews.com/dims4/USNEWS/eb3f4c6/2147483647/resize/1024x280/crop/420x280+302+0/quality/85/?url=https://realestate.usnews.com/static-assets/cms/img/bestplaces/41344/TN_Knoxville_superhero_image.jpg"}, {"rank": 61, "city": "Tucson", "state": " AZ", "url": "https://realestate.usnews.com/dims4/USNEWS/7e14306/2147483647/resize/1024x280/crop/420x280+302+0/quality/85/?url=https://realestate.usnews.com/static-assets/cms/img/bestplaces/41994/AZ_Tucson_superhero_image.jpg"}, {"rank": 62, "city": "Baton Rouge", "state": " LA", "url": "https://realestate.usnews.com/dims4/USNEWS/620817e/2147483647/resize/1024x280/crop/420x280+302+0/quality/85/?url=https://realestate.usnews.com/static-assets/cms/img/bestplaces/41486/LA_Baton_Rouge_superhero_image.jpg"}, {"rank": 63, "city": "Lakeland", "state": " FL", "url": "https://realestate.usnews.com/dims4/USNEWS/a86a987/2147483647/resize/1024x280/crop/420x280+302+0/quality/85/?url=https://realestate.usnews.com/static-assets/cms/img/bestplaces/41670/FL_Lakeland_superhero_image.jpg"}, {"rank": 64, "city": "St. Louis", "state": " MO", "url": "https://realestate.usnews.com/dims4/USNEWS/e27f503/2147483647/resize/1024x280/crop/420x280+302+0/quality/85/?url=https://realestate.usnews.com/static-assets/cms/img/bestplaces/41982/MO_St_Louis_superhero_image.jpg"}, {"rank": 65, "city": "Sacramento", "state": " CA", "url": "https://realestate.usnews.com/dims4/USNEWS/d8c1ab4/2147483647/resize/1024x280/crop/420x280+302+0/quality/85/?url=https://realestate.usnews.com/static-assets/cms/img/bestplaces/41933/CA_Sacramento_superhero_image.jpg"}, {"rank": 66, "city": "Springfield", "state": " MA", "url": "https://realestate.usnews.com/dims4/USNEWS/09462b2/2147483647/resize/1024x280/crop/420x280+302+0/quality/85/?url=https://realestate.usnews.com/static-assets/cms/img/bestplaces/41975/MA_Springfield_superhero_image.jpg"}, {"rank": 67, "city": "Wichita", "state": " KS", "url": "https://realestate.usnews.com/dims4/USNEWS/fa612ba/2147483647/resize/1024x280/crop/420x280+302+0/quality/85/?url=https://realestate.usnews.com/static-assets/cms/img/bestplaces/42021/KS_Wichita_superhero_image.jpg"}, {"rank": 68, "city": "Virginia Beach", "state": " VA", "url": "https://realestate.usnews.com/dims4/USNEWS/5fc4fb2/2147483647/resize/1024x280/crop/420x280+302+0/quality/85/?url=https://realestate.usnews.com/static-assets/cms/img/bestplaces/42005/VA_Virginia_Beach_superhero_image.jpg"}, {"rank": 69, "city": "Fort Myers", "state": " FL", "url": "https://realestate.usnews.com/dims4/USNEWS/b8309ce/2147483647/resize/1024x280/crop/420x280+302+0/quality/85/?url=https://realestate.usnews.com/static-assets/cms/img/bestplaces/41151/FL_Fort_Myers_superhero_image.jpg"}, {"rank": 70, "city": "Toledo", "state": " OH", "url": "https://realestate.usnews.com/dims4/USNEWS/fd3d7c9/2147483647/resize/1024x280/crop/420x280+302+0/quality/85/?url=https://realestate.usnews.com/static-assets/cms/img/bestplaces/41992/OH_Toledo_superhero_image.jpg"}, {"rank": 71, "city": "Augusta", "state": " GA", "url": "https://realestate.usnews.com/dims4/USNEWS/b4ab503/2147483647/resize/1024x280/crop/420x280+302+0/quality/85/?url=https://realestate.usnews.com/static-assets/cms/img/bestplaces/41479/GA_Augusta_superhero_image.jpg"}, {"rank": 72, "city": "Baltimore", "state": " MD", "url": "https://realestate.usnews.com/dims4/USNEWS/3c9d41b/2147483647/resize/1024x280/crop/420x280+302+0/quality/85/?url=https://realestate.usnews.com/static-assets/cms/img/bestplaces/42009/MD_Baltimore_superhero_image.jpg"}, {"rank": 73, "city": "Albuquerque", "state": " NM", "url": "https://realestate.usnews.com/dims4/USNEWS/7092e47/2147483647/resize/1024x280/crop/420x280+302+0/quality/85/?url=https://realestate.usnews.com/static-assets/cms/img/bestplaces/41102/NM_Albuquerque_superhero_image.jpg"}, {"rank": 74, "city": "Dayton", "state": " OH", "url": "https://realestate.usnews.com/dims4/USNEWS/a9b4d55/2147483647/resize/1024x280/crop/420x280+302+0/quality/85/?url=https://realestate.usnews.com/static-assets/cms/img/bestplaces/41219/OH_Dayton_superhero_image.jpg"}, {"rank": 76, "city": "Philadelphia", "state": " PA", "url": "https://realestate.usnews.com/dims4/USNEWS/6606d36/2147483647/resize/1024x280/crop/420x280+302+0/quality/85/?url=https://realestate.usnews.com/static-assets/cms/img/bestplaces/41880/PA_Philadelphia_superhero_image.jpg"}, {"rank": 77, "city": "Las Vegas", "state": " NV", "url": "https://realestate.usnews.com/dims4/USNEWS/14ac582/2147483647/resize/1024x280/crop/420x280+302+0/quality/85/?url=https://realestate.usnews.com/static-assets/cms/img/bestplaces/41358/NV_Las_Vegas_superhero_image.jpg"}, {"rank": 78, "city": "Allentown", "state": " PA", "url": "https://realestate.usnews.com/dims4/USNEWS/a26d2a9/2147483647/resize/1024x280/crop/420x280+302+0/quality/85/?url=https://realestate.usnews.com/static-assets/cms/img/bestplaces/41448/PA_Allentown_superhero_image.jpg"}, {"rank": 79, "city": "New York City", "state": " NY", "url": "https://realestate.usnews.com/dims4/USNEWS/591657d/2147483647/resize/1024x280/crop/420x280+302+0/quality/85/?url=https://realestate.usnews.com/static-assets/cms/img/bestplaces/42026/NY_New_York_superhero_image.jpg"}, {"rank": 80, "city": "New Haven", "state": " CT", "url": "https://realestate.usnews.com/dims4/USNEWS/1a7893e/2147483647/resize/1024x280/crop/420x280+302+0/quality/85/?url=https://realestate.usnews.com/static-assets/cms/img/bestplaces/41452/CT_New_Haven_superhero_image.jpg"}, {"rank": 82, "city": "Chicago", "state": " IL", "url": "https://realestate.usnews.com/dims4/USNEWS/3ebbfce/2147483647/resize/1024x280/crop/420x280+302+0/quality/85/?url=https://realestate.usnews.com/static-assets/cms/img/bestplaces/41170/IL_Chicago_superhero_image.jpg"}, {"rank": 83, "city": "Cleveland", "state": " OH", "url": "https://realestate.usnews.com/dims4/USNEWS/4a80080/2147483647/resize/1024x280/crop/420x280+302+0/quality/85/?url=https://realestate.usnews.com/static-assets/cms/img/bestplaces/42028/OH_Cleveland_superhero_image.jpg"}, {"rank": 84, "city": "Providence", "state": " RI", "url": "https://realestate.usnews.com/dims4/USNEWS/b8c02df/2147483647/resize/1024x280/crop/420x280+302+0/quality/85/?url=https://realestate.usnews.com/static-assets/cms/img/bestplaces/41143/RI_Providence_superhero_image.jpg"}, {"rank": 85, "city": "Scranton", "state": " PA", "url": "https://realestate.usnews.com/dims4/USNEWS/7083d46/2147483647/resize/1024x280/crop/420x280+302+0/quality/85/?url=https://realestate.usnews.com/static-assets/cms/img/bestplaces/41784/PA_Scranton_superhero_image.jpg"}, {"rank": 86, "city": "Youngstown", "state": " OH", "url": "https://realestate.usnews.com/dims4/USNEWS/286bd96/2147483647/resize/1024x280/crop/420x280+302+0/quality/85/?url=https://realestate.usnews.com/static-assets/cms/img/bestplaces/42025/OH_Youngstown_superhero_image.jpg"}, {"rank": 87, "city": "Los Angeles", "state": " CA", "url": "https://realestate.usnews.com/dims4/USNEWS/bb40fb6/2147483647/resize/1024x280/crop/420x280+302+0/quality/85/?url=https://realestate.usnews.com/static-assets/cms/img/bestplaces/42027/CA_Los_Angeles_superhero_image.jpg"}, {"rank": 88, "city": "Detroit", "state": " MI", "url": "https://realestate.usnews.com/dims4/USNEWS/b1de6f9/2147483647/resize/1024x280/crop/420x280+302+0/quality/85/?url=https://realestate.usnews.com/static-assets/cms/img/bestplaces/41233/MI_Detroit_superhero_image.jpg"}, {"rank": 89, "city": "Birmingham", "state": " AL", "url": "https://realestate.usnews.com/dims4/USNEWS/94460e8/2147483647/resize/1024x280/crop/420x280+302+0/quality/85/?url=https://realestate.usnews.com/static-assets/cms/img/bestplaces/41124/AL_Birmingham_superhero_image.jpg"}, {"rank": 90, "city": "Jackson", "state": " MS", "url": "https://realestate.usnews.com/dims4/USNEWS/6555791/2147483647/resize/1024x280/crop/420x280+302+0/quality/85/?url=https://realestate.usnews.com/static-assets/cms/img/bestplaces/41322/MS_Jackson_superhero_image.jpg"}, {"rank": 91, "city": "Miami", "state": " FL", "url": "https://realestate.usnews.com/dims4/USNEWS/2ab750d/2147483647/resize/1024x280/crop/420x280+302+0/quality/85/?url=https://realestate.usnews.com/static-assets/cms/img/bestplaces/41406/FL_Miami_superhero_image.jpg"}, {"rank": 92, "city": "Memphis", "state": " TN", "url": "https://realestate.usnews.com/dims4/USNEWS/94742a8/2147483647/resize/1024x280/crop/420x280+302+0/quality/85/?url=https://realestate.usnews.com/static-assets/cms/img/bestplaces/41405/TN_Memphis_superhero_image.jpg"}, {"rank": 94, "city": "New Orleans", "state": " LA", "url": "https://realestate.usnews.com/dims4/USNEWS/f220d60/2147483647/resize/1024x280/crop/420x280+302+0/quality/85/?url=https://realestate.usnews.com/static-assets/cms/img/bestplaces/41445/LA_New_Orleans_superhero_image.jpg"}, {"rank": 95, "city": "Fresno", "state": " CA", "url": "https://realestate.usnews.com/dims4/USNEWS/41e4a29/2147483647/resize/1024x280/crop/420x280+302+0/quality/85/?url=https://realestate.usnews.com/static-assets/cms/img/bestplaces/41266/CA_Fresno_superhero_image.jpg"}, {"rank": 96, "city": "Bakersfield", "state": " CA", "url": "https://realestate.usnews.com/dims4/USNEWS/9245362/2147483647/resize/1024x280/crop/420x280+302+0/quality/85/?url=https://realestate.usnews.com/static-assets/cms/img/bestplaces/41482/CA_Bakersfield_superhero_image.jpg"}, {"rank": 97, "city": "Stockton", "state": " CA", "url": "https://realestate.usnews.com/dims4/USNEWS/5fdca9f/2147483647/resize/1024x280/crop/420x280+302+0/quality/85/?url=https://realestate.usnews.com/static-assets/cms/img/bestplaces/41949/CA_Stockton_superhero_image.jpg"}, {"rank": 98, "city": "Modesto", "state": " CA", "url": "https://realestate.usnews.com/dims4/USNEWS/279c375/2147483647/resize/1024x280/crop/420x280+302+0/quality/85/?url=https://realestate.usnews.com/static-assets/cms/img/bestplaces/42031/CA_Modesto_superhero_image.jpg"}, {"rank": 99, "city": "San Juan", "state": " PR", "url": "https://realestate.usnews.com/dims4/USNEWS/427a4e9/2147483647/resize/1024x280/crop/420x280+302+0/quality/85/?url=https://realestate.usnews.com/static-assets/cms/img/bestplaces/41953/PR_San_Juan_superhero_image.jpg"}]