{"0": {"City": "Sarasota", "State": "FL", "Zipcode": "34231", "Rank": 1, "Population": 513541, "Over_65": "31.5", "Rent": "1087", "Home_Price": "159500", "Assistance": "86308", "Latitude": "27.2612782", "Longitude": "-82.5131717", "URL": "https://www.census.gov/quickfacts/fact/table/gulfgateestatescdpflorida,US/PST045216"}, "1": {"City": "Lancaster", "State": "PA", "Zipcode": "17601", "Rank": 2, "Population": "59322", "Over_65": "8.6", "Rent": "806", "Home_Price": "109300", "Assistance": "1367307", "Latitude": "40.072093100000004", "Longitude": "-76.30583279999998", "URL": "https://www.census.gov/quickfacts/fact/table/lancastercitypennsylvania,US/PST045216"}, "2": {"City": "San Antonio", "State": "TX", "Zipcode": "78201", "Rank": 3, "Population": "1327538", "Over_65": "10.4", "Rent": "882", "Home_Price": "121100", "Assistance": "11490155", "Latitude": "29.46357", "Longitude": "-98.52267059999998", "URL": "https://www.census.gov/quickfacts/fact/table/sanantoniocitytexas,US/PST045216"}, "3": {"City": "Grand Rapids", "State": "MI", "Zipcode": "49503", "Rank": 4, "Population": "188114", "Over_65": "11.1", "Rent": "806", "Home_Price": "113600", "Assistance": "3152436", "Latitude": "42.9616689", "Longitude": "-85.65889990000001", "URL": "https://www.census.gov/quickfacts/fact/table/grandrapidscitymichigan,US/PST045216"}, "4": {"City": "El Paso", "State": "TX", "Zipcode": "79901", "Rank": 5, "Population": "648054", "Over_65": "11.2", "Rent": "769", "Home_Price": "119300", "Assistance": "4253438", "Latitude": "31.7597373", "Longitude": "-106.47887140000002", "URL": "https://www.census.gov/quickfacts/fact/table/elpasocitytexas,US/PST045216"}, "5": {"City": "McAllen", "State": "TX", "Zipcode": "78501", "Rank": 6, "Population": "130463", "Over_65": "10.9", "Rent": "739", "Home_Price": "117500", "Assistance": "1464644", "Latitude": "26.2188442", "Longitude": "-98.2322355", "URL": "https://www.census.gov/quickfacts/fact/table/mcallencitytexas,US/PST045216"}, "6": {"City": "Daytona Beach", "State": "FL", "Zipcode": "32114", "Rank": 7, "Population": "61326", "Over_65": "18.5", "Rent": "791", "Home_Price": "117200", "Assistance": "1224419", "Latitude": "29.198795699999998", "Longitude": "-81.04234290000002", "URL": "https://www.census.gov/quickfacts/fact/table/daytonabeachcityflorida,US/PST045216"}, "7": {"City": "Pittsburgh", "State": "PA", "Zipcode": "15201", "Rank": 8, "Population": "305687", "Over_65": "13.8", "Rent": "844", "Home_Price": "100800", "Assistance": "6865043", "Latitude": "40.4737114", "Longitude": "-79.9612368", "URL": "https://www.census.gov/quickfacts/fact/table/pittsburghcitypennsylvania,US/PST045216"}, "8": {"City": "Austin", "State": "TX", "Zipcode": "78701", "Rank": 9, "Population": "811045", "Over_65": "7.0", "Rent": "1106", "Home_Price": "257800", "Assistance": "6609254", "Latitude": "30.2729209", "Longitude": "-97.74438630000002", "URL": "https://www.census.gov/quickfacts/fact/table/austincitytexas,US/PST045216"}, "9": {"City": "Washington", "State": "DC", "Zipcode": "20001", "Rank": 10, "Population": "601766", "Over_65": "11.4", "Rent": "1362", "Home_Price": "506100", "Assistance": "8963981", "Latitude": "38.912068", "Longitude": "-77.0190228", "URL": "https://www.census.gov/quickfacts/fact/table/washingtoncitydistrictofcolumbia,US/PST045216"}, "10": {"City": "Colorado Springs", "State": "CO", "Zipcode": "80902", "Rank": 11, "Population": 513541, "Over_65": "8.8", "Rent": "1413", "Home_Price": "1111111", "Assistance": "4444444", "Latitude": "38.72728", "Longitude": "-104.8075245", "URL": "https://www.census.gov/quickfacts/fact/table/fortcarsoncdpcolorado,US/PST045216"}, "11": {"City": "Boise", "State": "ID", "Zipcode": "83702", "Rank": 12, "Population": "208341", "Over_65": "11.2", "Rent": "834", "Home_Price": "191000", "Assistance": "2495231", "Latitude": "43.6624385", "Longitude": "-116.16304309999998", "URL": "https://www.census.gov/quickfacts/fact/table/boisecitycityidaho,US/PST045216"}, "12": {"City": "Nashville", "State": "TN", "Zipcode": "37201", "Rank": 13, "Population": "603445", "Over_65": "10.2", "Rent": "902", "Home_Price": "174600", "Assistance": "8466921", "Latitude": "36.1724885", "Longitude": "-86.78059609999998", "URL": "https://www.census.gov/quickfacts/fact/table/nashvilledavidsonbalancetennessee,US/PST045216"}, "13": {"City": "Charlotte", "State": "NC", "Zipcode": "28202", "Rank": 14, "Population": "735612", "Over_65": "8.5", "Rent": "966", "Home_Price": "178000", "Assistance": "7031767", "Latitude": "35.2326781", "Longitude": "-80.8460822", "URL": "https://www.census.gov/quickfacts/fact/table/charlottecitynorthcarolina,US/PST045216"}, "14": {"City": "Dallas-Fort Worth", "State": "TX", "Zipcode": "75201", "Rank": 15, "Population": "1197824", "Over_65": "8.8", "Rent": "888", "Home_Price": "142600", "Assistance": "15083135", "Latitude": "32.7863301", "Longitude": "-96.7962528", "URL": "https://www.census.gov/quickfacts/fact/table/dallascitytexas,US/PST045216"}, "15": {"City": "San Francisco", "State": "CA", "Zipcode": "94102", "Rank": 16, "Population": "805193", "Over_65": "13.6", "Rent": "1632", "Home_Price": "858800", "Assistance": "10175813", "Latitude": "37.778687100000006", "Longitude": "-122.42124240000001", "URL": "https://www.census.gov/quickfacts/fact/table/sanfranciscocitycalifornia,US/PST045216"}, "16": {"City": "Minneapolis-St. Paul", "State": "MN", "Zipcode": "55401", "Rank": 17, "Population": "382603", "Over_65": "8.0", "Rent": "898", "Home_Price": "212800", "Assistance": "6545255", "Latitude": "44.9836543", "Longitude": "-93.2693572", "URL": "https://www.census.gov/quickfacts/fact/table/minneapoliscityminnesota,US/PST045216"}, "17": {"City": "Madison", "State": "WI", "Zipcode": "53703", "Rank": 18, "Population": "233084", "Over_65": "9.6", "Rent": "959", "Home_Price": "217000", "Assistance": "4054428", "Latitude": "43.0833196", "Longitude": "-89.37247690000001", "URL": "https://www.census.gov/quickfacts/fact/table/madisoncitywisconsin,US/PST045216"}, "18": {"City": "Houston", "State": "TX", "Zipcode": "77002", "Rank": 20, "Population": "2100277", "Over_65": "9.0", "Rent": "898", "Home_Price": "140300", "Assistance": "23365238", "Latitude": "29.752553999999996", "Longitude": "-95.3704009", "URL": "https://www.census.gov/quickfacts/fact/table/houstoncitytexas,US/PST045216"}, "19": {"City": "Sarasota", "State": "FL", "Zipcode": "34231", "Rank": 21, "Population": 513541, "Over_65": "31.5", "Rent": "1087", "Home_Price": "159500", "Assistance": "86308", "Latitude": "27.2612782", "Longitude": "-82.5131717", "URL": "https://www.census.gov/quickfacts/fact/table/gulfgateestatescdpflorida,US/PST045216"}, "20": {"City": "San Diego", "State": "CA", "Zipcode": "92101", "Rank": 22, "Population": "1301722", "Over_65": "10.7", "Rent": "1427", "Home_Price": "488600", "Assistance": "13420617", "Latitude": "32.7269669", "Longitude": "-117.1647094", "URL": "https://www.census.gov/quickfacts/fact/table/sandiegocitycalifornia,US/PST045216"}, "21": {"City": "Richmond", "State": "VA", "Zipcode": "23219", "Rank": 24, "Population": "204142", "Over_65": "11.1", "Rent": "916", "Home_Price": "199300", "Assistance": "3769434", "Latitude": "37.5410261", "Longitude": "-77.43864289999998", "URL": "https://www.census.gov/quickfacts/fact/table/richmondcityvirginia,US/PST045216"}, "22": {"City": "Omaha", "State": "NE", "Zipcode": "68102", "Rank": 25, "Population": "432003", "Over_65": "11.4", "Rent": "819", "Home_Price": "139800", "Assistance": "5477372", "Latitude": "41.266107500000004", "Longitude": "-95.9330455", "URL": "https://www.census.gov/quickfacts/fact/table/omahacitynebraska,US/PST045216"}, "23": {"City": "Portland", "State": "ME", "Zipcode": "04101", "Rank": 26, "Population": "66194", "Over_65": "12.6", "Rent": "969", "Home_Price": "248000", "Assistance": "1892300", "Latitude": "43.6629964", "Longitude": "-70.2568775", "URL": "https://www.census.gov/quickfacts/fact/table/portlandcitymaine,US/PST045216"}, "24": {"City": "Charleston", "State": "SC", "Zipcode": "29401", "Rank": 27, "Population": "120150", "Over_65": "12.2", "Rent": "1052", "Home_Price": "269400", "Assistance": "2622909", "Latitude": "32.7791432", "Longitude": "-79.92486690000001", "URL": "https://www.census.gov/quickfacts/fact/table/charlestoncitysouthcarolina,US/PST045216"}, "25": {"City": "Syracuse", "State": "NY", "Zipcode": "13202", "Rank": 28, "Population": "145208", "Over_65": "10.6", "Rent": "737", "Home_Price": "89900", "Assistance": "2947629", "Latitude": "43.0481645", "Longitude": "-76.1473156", "URL": "https://www.census.gov/quickfacts/fact/table/syracusecitynewyork,US/PST045216"}, "26": {"City": "Greenville", "State": "SC", "Zipcode": "29601", "Rank": 29, "Population": "59165", "Over_65": "12.8", "Rent": "832", "Home_Price": "237800", "Assistance": "838659", "Latitude": "34.8505552", "Longitude": "-82.39399999999998", "URL": "https://www.census.gov/quickfacts/fact/table/greenvillecitysouthcarolina,US/PST045216"}, "27": {"City": "Albany", "State": "NY", "Zipcode": "12202", "Rank": 30, "Population": "97840", "Over_65": "11.1", "Rent": "875", "Home_Price": "172700", "Assistance": "2479816", "Latitude": "42.6322463", "Longitude": "-73.76543670000001", "URL": "https://www.census.gov/quickfacts/fact/table/albanycitynewyork,US/PST045216"}, "28": {"City": "Hartford", "State": "CT", "Zipcode": "06103", "Rank": 31, "Population": "124775", "Over_65": "8.9", "Rent": "914", "Home_Price": "159100", "Assistance": "3284296", "Latitude": "41.766550200000005", "Longitude": "-72.6757236", "URL": "https://www.census.gov/quickfacts/fact/table/hartfordcityconnecticut,US/PST045216"}, "29": {"City": "Buffalo", "State": "NY", "Zipcode": "14201", "Rank": 33, "Population": "261433", "Over_65": "11.4", "Rent": "710", "Home_Price": "72600", "Assistance": "4229888", "Latitude": "42.89676739999999", "Longitude": "-78.88638470000001", "URL": "https://www.census.gov/quickfacts/fact/table/buffalocitynewyork,US/PST045216"}, "30": {"City": "Harrisburg", "State": "PA", "Zipcode": "17101", "Rank": 34, "Population": "49528", "Over_65": "9.1", "Rent": "786", "Home_Price": "83800", "Assistance": "789689", "Latitude": "40.2584515", "Longitude": "-76.88650849999998", "URL": "https://www.census.gov/quickfacts/fact/table/harrisburgcitypennsylvania,US/PST045216"}, "31": {"City": "Tampa", "State": "FL", "Zipcode": "33602", "Rank": 35, "Population": "335713", "Over_65": "11.0", "Rent": "983", "Home_Price": "172100", "Assistance": "5650451", "Latitude": "27.955269199999996", "Longitude": "-82.4563199", "URL": "https://www.census.gov/quickfacts/fact/table/tampacityflorida,US/PST045216"}, "32": {"City": "Oklahoma City", "State": "OK", "Zipcode": "73102", "Rank": 36, "Population": "580004", "Over_65": "11.3", "Rent": "793", "Home_Price": "142700", "Assistance": "7016325", "Latitude": "35.4711808", "Longitude": "-97.516602", "URL": "https://www.census.gov/quickfacts/fact/table/oklahomacitycityoklahoma,US/PST045216"}, "33": {"City": "Winston-Salem", "State": "NC", "Zipcode": "27101", "Rank": 37, "Population": "4687", "Over_65": "16.3", "Rent": "736", "Home_Price": "124400", "Assistance": "3117", "Latitude": "36.105232", "Longitude": "-80.2042436", "URL": "https://www.census.gov/quickfacts/fact/table/walkertowntownnorthcarolina,US/PST045216"}, "34": {"City": "Little Rock", "State": "AR", "Zipcode": "72201", "Rank": 38, "Population": "193487", "Over_65": "11.3", "Rent": "803", "Home_Price": "154700", "Assistance": "4227330", "Latitude": "34.749965700000004", "Longitude": "-92.2852014", "URL": "https://www.census.gov/quickfacts/fact/table/littlerockcityarkansas,US/PST045216"}, "35": {"City": "Rochester", "State": "NY", "Zipcode": "14604", "Rank": 39, "Population": "210756", "Over_65": "9.0", "Rent": "779", "Home_Price": "77800", "Assistance": "3027726", "Latitude": "43.158120700000005", "Longitude": "-77.60635409999998", "URL": "https://www.census.gov/quickfacts/fact/table/rochestercitynewyork,US/PST045216"}, "36": {"City": "Orlando", "State": "FL", "Zipcode": "32801", "Rank": 40, "Population": "239057", "Over_65": "9.4", "Rent": "1040", "Home_Price": "172100", "Assistance": "5000971", "Latitude": "28.5416658", "Longitude": "-81.37568619999998", "URL": "https://www.census.gov/quickfacts/fact/table/orlandocityflorida,US/PST045216"}, "37": {"City": "Chattanooga", "State": "TN", "Zipcode": "37402", "Rank": 42, "Population": "170315", "Over_65": "14.7", "Rent": "765", "Home_Price": "152000", "Assistance": "2891412", "Latitude": "35.04497670000001", "Longitude": "-85.31620660000002", "URL": "https://www.census.gov/quickfacts/fact/table/chattanoogacitytennessee,US/PST045216"}, "38": {"City": "Louisville", "State": "KY", "Zipcode": "40202", "Rank": 43, "Population": "596332", "Over_65": "12.6", "Rent": "748", "Home_Price": "143100", "Assistance": "5488518", "Latitude": "38.25569280000001", "Longitude": "-85.751283", "URL": "https://www.census.gov/quickfacts/fact/table/louisvillejeffersoncountybalancekentucky,US/PST045216"}, "39": {"City": "Phoenix", "State": "AZ", "Zipcode": "85003", "Rank": 44, "Population": "1447624", "Over_65": "8.4", "Rent": "914", "Home_Price": "178200", "Assistance": "10967040", "Latitude": "33.4495511", "Longitude": "-112.0789355", "URL": "https://www.census.gov/quickfacts/fact/table/phoenixcityarizona,US/PST045216"}, "40": {"City": "Jacksonville", "State": "FL", "Zipcode": "32202", "Rank": 45, "Population": "821784", "Over_65": "10.9", "Rent": "955", "Home_Price": "140000", "Assistance": "7014974", "Latitude": "30.3276337", "Longitude": "-81.65556070000001", "URL": "https://www.census.gov/quickfacts/fact/table/jacksonvillecityflorida,US/PST045216"}, "41": {"City": "Honolulu", "State": "HI", "Zipcode": "96813", "Rank": 46, "Population": "337719", "Over_65": "17.8", "Rent": "1357", "Home_Price": "601500", "Assistance": "4534947", "Latitude": "21.3136151", "Longitude": "-157.8480364", "URL": "https://www.census.gov/quickfacts/fact/table/urbanhonolulucdphawaii,US/PST045216"}, "42": {"City": "Milwaukee", "State": "WI", "Zipcode": "53202", "Rank": 47, "Population": "594775", "Over_65": "8.9", "Rent": "798", "Home_Price": "115500", "Assistance": "5488325", "Latitude": "43.0439776", "Longitude": "-87.89915140000001", "URL": "https://www.census.gov/quickfacts/fact/table/milwaukeecitywisconsin,US/PST045216"}, "43": {"City": "Kansas City", "State": "MO", "Zipcode": "64101", "Rank": 48, "Population": "459939", "Over_65": "11.0", "Rent": "826", "Home_Price": "135900", "Assistance": "5060279", "Latitude": "39.1041725", "Longitude": "-94.5998517", "URL": "https://www.census.gov/quickfacts/fact/table/kansascitycitymissouri,US/PST045216"}, "44": {"City": "Melbourne", "State": "FL", "Zipcode": "32901", "Rank": 49, "Population": "76232", "Over_65": "20.0", "Rent": "863", "Home_Price": "125400", "Assistance": "1554296", "Latitude": "28.0600145", "Longitude": "-80.62159100000001", "URL": "https://www.census.gov/quickfacts/fact/table/melbournecityflorida,US/PST045216"}, "45": {"City": "Atlanta", "State": "GA", "Zipcode": "30303", "Rank": 50, "Population": "420425", "Over_65": "9.8", "Rent": "998", "Home_Price": "222300", "Assistance": "5384518", "Latitude": "33.755711", "Longitude": "-84.38837170000001", "URL": "https://www.census.gov/quickfacts/fact/table/atlantacitygeorgia,US/PST045216"}, "46": {"City": "Greensboro", "State": "NC", "Zipcode": "27401", "Rank": 51, "Population": "268887", "Over_65": "11.5", "Rent": "787", "Home_Price": "148500", "Assistance": "2450516", "Latitude": "36.067604100000004", "Longitude": "-79.7568107", "URL": "https://www.census.gov/quickfacts/fact/table/greensborocitynorthcarolina,US/PST045216"}, "47": {"City": "Santa Rosa", "State": "CA", "Zipcode": "95401", "Rank": 52, "Population": "167834", "Over_65": "13.5", "Rent": "1371", "Home_Price": "414800", "Assistance": "2103870", "Latitude": "38.440969700000004", "Longitude": "-122.7971649", "URL": "https://www.census.gov/quickfacts/fact/table/santarosacitycalifornia,US/PST045216"}, "48": {"City": "Cincinnati", "State": "OH", "Zipcode": "45202", "Rank": 53, "Population": "296946", "Over_65": "10.8", "Rent": "662", "Home_Price": "120300", "Assistance": "6615617", "Latitude": "39.1031971", "Longitude": "-84.5064881", "URL": "https://www.census.gov/quickfacts/fact/table/cincinnaticityohio,US/PST045216"}, "49": {"City": "Worcester", "State": "MA", "Zipcode": "01602", "Rank": 54, "Population": "180983", "Over_65": "11.7", "Rent": "975", "Home_Price": "206500", "Assistance": "3876287", "Latitude": "42.270458399999995", "Longitude": "-71.85120359999998", "URL": "https://www.census.gov/quickfacts/fact/table/worcestercitymassachusetts,US/PST045216"}, "50": {"City": "Indianapolis", "State": "IN", "Zipcode": "46201", "Rank": 55, "Population": "820441", "Over_65": "10.5", "Rent": "811", "Home_Price": "120400", "Assistance": "10048356", "Latitude": "39.777450099999996", "Longitude": "-86.10901190000001", "URL": "https://www.census.gov/quickfacts/fact/table/indianapoliscitybalanceindiana,US/PST045216"}, "51": {"City": "Columbia", "State": "SC", "Zipcode": "29201", "Rank": 56, "Population": "13065", "Over_65": "14.0", "Rent": "882", "Home_Price": "120000", "Assistance": "4444444", "Latitude": "33.9873389", "Longitude": "-81.03682109999998", "URL": "https://www.census.gov/quickfacts/fact/table/caycecitysouthcarolina,US/PST045216"}, "52": {"City": "Columbus", "State": "OH", "Zipcode": "43085", "Rank": 57, "Population": "788866", "Over_65": "8.6", "Rent": "856", "Home_Price": "131800", "Assistance": "8924996", "Latitude": "40.103832000000004", "Longitude": "-83.02002449999998", "URL": "https://www.census.gov/quickfacts/fact/table/columbuscityohio,US/PST045216"}, "53": {"City": "Tulsa", "State": "OK", "Zipcode": "74103", "Rank": 59, "Population": "391923", "Over_65": "12.5", "Rent": "757", "Home_Price": "126200", "Assistance": "5283553", "Latitude": "36.159288200000006", "Longitude": "-95.9964783", "URL": "https://www.census.gov/quickfacts/fact/table/tulsacityoklahoma,US/PST045216"}, "54": {"City": "Spokane", "State": "WA", "Zipcode": "99201", "Rank": 60, "Population": "209437", "Over_65": "12.8", "Rent": "770", "Home_Price": "160800", "Assistance": "3237313", "Latitude": "47.66007159999999", "Longitude": "-117.43162720000001", "URL": "https://www.census.gov/quickfacts/fact/table/spokanecitywashington,US/PST045216"}, "55": {"City": "Knoxville", "State": "TN", "Zipcode": "37902", "Rank": 61, "Population": "178430", "Over_65": "12.6", "Rent": "766", "Home_Price": "120300", "Assistance": "3718137", "Latitude": "35.9641189", "Longitude": "-83.92016559999998", "URL": "https://www.census.gov/quickfacts/fact/table/knoxvillecitytennessee,US/PST045216"}, "56": {"City": "Tucson", "State": "AZ", "Zipcode": "85701", "Rank": 62, "Population": "520562", "Over_65": "11.9", "Rent": "772", "Home_Price": "132200", "Assistance": "5046758", "Latitude": "32.2147915", "Longitude": "-110.97152690000001", "URL": "https://www.census.gov/quickfacts/fact/table/tucsoncityarizona,US/PST045216"}, "57": {"City": "Baton Rouge", "State": "LA", "Zipcode": "70801", "Rank": 63, "Population": "229538", "Over_65": "11.2", "Rent": "797", "Home_Price": "158400", "Assistance": "2832961", "Latitude": "30.448377899999997", "Longitude": "-91.188708", "URL": "https://www.census.gov/quickfacts/fact/table/batonrougecitylouisiana,US/PST045216"}, "58": {"City": "Lakeland", "State": "FL", "Zipcode": "33801", "Rank": 64, "Population": 513541, "Over_65": "11.2", "Rent": "779", "Home_Price": "58200", "Assistance": "0", "Latitude": "28.048611100000002", "Longitude": "-81.89890799999998", "URL": "https://www.census.gov/quickfacts/fact/table/combeesettlementcdpflorida,US/PST045216"}, "59": {"City": "St. Louis", "State": "MO", "Zipcode": "63367", "Rank": 65, "Population": "11532", "Over_65": "9.6", "Rent": "1877", "Home_Price": "267800", "Assistance": "15330", "Latitude": "38.786556", "Longitude": "-90.7818089", "URL": "https://www.census.gov/quickfacts/fact/table/dardenneprairiecitymissouri,US/PST045216"}, "60": {"City": "Sacramento", "State": "CA", "Zipcode": "95811", "Rank": 66, "Population": "466488", "Over_65": "10.6", "Rent": "1057", "Home_Price": "259400", "Assistance": "7027206", "Latitude": "38.5967128", "Longitude": "-121.49417379999998", "URL": "https://www.census.gov/quickfacts/fact/table/sacramentocitycalifornia,US/PST045216"}, "61": {"City": "Springfield", "State": "MA", "Zipcode": "01103", "Rank": 67, "Population": "153195", "Over_65": "10.9", "Rent": "839", "Home_Price": "146400", "Assistance": "2429889", "Latitude": "42.105218", "Longitude": "-72.59294009999998", "URL": "https://www.census.gov/quickfacts/fact/table/springfieldcitymassachusetts,US/PST045216"}, "62": {"City": "Wichita", "State": "KS", "Zipcode": "67202", "Rank": 68, "Population": "382417", "Over_65": "11.5", "Rent": "736", "Home_Price": "120800", "Assistance": "3313760", "Latitude": "37.684362799999995", "Longitude": "-97.332753", "URL": "https://www.census.gov/quickfacts/fact/table/wichitacitykansas,US/PST045216"}, "63": {"City": "Virginia Beach", "State": "VA", "Zipcode": "23451", "Rank": 69, "Population": "437907", "Over_65": "10.6", "Rent": "1258", "Home_Price": "262200", "Assistance": "1959395", "Latitude": "36.8643566", "Longitude": "-75.9985693", "URL": "https://www.census.gov/quickfacts/fact/table/virginiabeachcityvirginia,US/PST045216"}, "64": {"City": "Fort Myers", "State": "FL", "Zipcode": "33901", "Rank": 70, "Population": "62202", "Over_65": "14.4", "Rent": "851", "Home_Price": "160800", "Assistance": "1364677", "Latitude": "26.6235485", "Longitude": "-81.87706709999998", "URL": "https://www.census.gov/quickfacts/fact/table/fortmyerscityflorida,US/PST045216"}, "65": {"City": "Toledo", "State": "OH", "Zipcode": "43604", "Rank": 71, "Population": "287206", "Over_65": "12.1", "Rent": "651", "Home_Price": "77800", "Assistance": "2718022", "Latitude": "41.6541814", "Longitude": "-83.5443287", "URL": "https://www.census.gov/quickfacts/fact/table/toledocityohio,US/PST045216"}, "66": {"City": "Augusta", "State": "GA", "Zipcode": "30901", "Rank": 72, "Population": "195843", "Over_65": "11.3", "Rent": "794", "Home_Price": "100500", "Assistance": "3256650", "Latitude": "33.4577032", "Longitude": "-81.96439129999999", "URL": "https://www.census.gov/quickfacts/fact/table/augustarichmondcountybalancegeorgia,US/PST045216"}, "67": {"City": "Baltimore", "State": "MD", "Zipcode": "21201", "Rank": 73, "Population": "621139", "Over_65": "11.7", "Rent": "974", "Home_Price": "153000", "Assistance": "11349171", "Latitude": "39.2963369", "Longitude": "-76.62105389999998", "URL": "https://www.census.gov/quickfacts/fact/table/baltimorecitymaryland,US/PST045216"}, "68": {"City": "Albuquerque", "State": "NM", "Zipcode": "87102", "Rank": 74, "Population": "546135", "Over_65": "12.1", "Rent": "816", "Home_Price": "185400", "Assistance": "5183979", "Latitude": "35.084889399999994", "Longitude": "-106.6468148", "URL": "https://www.census.gov/quickfacts/fact/table/albuquerquecitynewmexico,US/PST045216"}, "69": {"City": "Dayton", "State": "OH", "Zipcode": "45402", "Rank": 75, "Population": "141869", "Over_65": "11.8", "Rent": "636", "Home_Price": "66600", "Assistance": "3059522", "Latitude": "39.7574433", "Longitude": "-84.2094347", "URL": "https://www.census.gov/quickfacts/fact/table/daytoncityohio,US/PST045216"}, "70": {"City": "Philadelphia", "State": "PA", "Zipcode": "19102", "Rank": 77, "Population": "1526006", "Over_65": "12.1", "Rent": "943", "Home_Price": "147300", "Assistance": "17972603", "Latitude": "39.9556241", "Longitude": "-75.16475290000001", "URL": "https://www.census.gov/quickfacts/fact/table/philadelphiacitypennsylvania,US/PST045216"}, "71": {"City": "Las Vegas", "State": "NV", "Zipcode": "89101", "Rank": 78, "Population": "584526", "Over_65": "12.0", "Rent": "985", "Home_Price": "184900", "Assistance": "3956472", "Latitude": "36.169709600000004", "Longitude": "-115.1236952", "URL": "https://www.census.gov/quickfacts/fact/table/lasvegascitynevada,US/PST045216"}, "72": {"City": "Allentown", "State": "PA", "Zipcode": "18101", "Rank": 79, "Population": "118161", "Over_65": "11.9", "Rent": "907", "Home_Price": "126100", "Assistance": "976641", "Latitude": "40.602718200000005", "Longitude": "-75.4708848", "URL": "https://www.census.gov/quickfacts/fact/table/allentowncitypennsylvania,US/PST045216"}, "73": {"City": "New York City", "State": "NY", "Zipcode": "10001", "Rank": 80, "Population": "8174962", "Over_65": "12.1", "Rent": "1294", "Home_Price": "508900", "Assistance": "76165547", "Latitude": "40.75368539999999", "Longitude": "-73.9991637", "URL": "https://www.census.gov/quickfacts/fact/table/newyorkcitynewyork,US/PST045216"}, "74": {"City": "New Haven", "State": "CT", "Zipcode": "06510", "Rank": 81, "Population": "129890", "Over_65": "9.2", "Rent": "1121", "Home_Price": "190700", "Assistance": "2797865", "Latitude": "41.3052226", "Longitude": "-72.92686259999998", "URL": "https://www.census.gov/quickfacts/fact/table/newhavencityconnecticut,US/PST045216"}, "75": {"City": "Chicago", "State": "IL", "Zipcode": "60601", "Rank": 83, "Population": "2695620", "Over_65": "10.3", "Rent": "987", "Home_Price": "225200", "Assistance": "20064843", "Latitude": "41.8839927", "Longitude": "-87.61970559999997", "URL": "https://www.census.gov/quickfacts/fact/table/chicagocityillinois,US/PST045216"}, "76": {"City": "Cleveland", "State": "OH", "Zipcode": "44102", "Rank": 84, "Population": "11169", "Over_65": "19.2", "Rent": "677", "Home_Price": "103400", "Assistance": "4444444", "Latitude": "41.478936299999994", "Longitude": "-81.74041340000001", "URL": "https://www.census.gov/quickfacts/fact/table/brooklyncityohio,US/PST045216"}, "77": {"City": "Providence", "State": "RI", "Zipcode": "02903", "Rank": 85, "Population": "178038", "Over_65": "8.7", "Rent": "917", "Home_Price": "173800", "Assistance": "3609557", "Latitude": "41.816736", "Longitude": "-71.40915629999998", "URL": "https://www.census.gov/quickfacts/fact/table/providencecityrhodeisland,US/PST045216"}, "78": {"City": "Scranton", "State": "PA", "Zipcode": "18503", "Rank": 86, "Population": "76089", "Over_65": "16.4", "Rent": "717", "Home_Price": "104500", "Assistance": "1101044", "Latitude": "41.410849299999995", "Longitude": "-75.6659016", "URL": "https://www.census.gov/quickfacts/fact/table/scrantoncitypennsylvania,US/PST045216"}, "79": {"City": "Youngstown", "State": "OH", "Zipcode": "44502", "Rank": 87, "Population": "66979", "Over_65": "15.8", "Rent": "619", "Home_Price": "43300", "Assistance": "844540", "Latitude": "41.075399299999994", "Longitude": "-80.63824129999998", "URL": "https://www.census.gov/quickfacts/fact/table/youngstowncityohio,US/PST045216"}, "80": {"City": "Los Angeles", "State": "CA", "Zipcode": "90001", "Rank": 88, "Population": 513541, "Over_65": "5.4", "Rent": "1034", "Home_Price": "267800", "Assistance": "32363", "Latitude": "33.96978970000001", "Longitude": "-118.24681480000001", "URL": "https://www.census.gov/quickfacts/fact/table/florencegrahamcdpcalifornia,US/PST045216"}, "81": {"City": "Detroit", "State": "MI", "Zipcode": "48201", "Rank": 89, "Population": "713862", "Over_65": "11.5", "Rent": "754", "Home_Price": "41000", "Assistance": "6771615", "Latitude": "42.348495", "Longitude": "-83.0602998", "URL": "https://www.census.gov/quickfacts/fact/table/detroitcitymichigan,US/PST045216"}, "82": {"City": "Birmingham", "State": "AL", "Zipcode": "35203", "Rank": 90, "Population": "212204", "Over_65": "12.4", "Rent": "744", "Home_Price": "87100", "Assistance": "5574098", "Latitude": "33.5178769", "Longitude": "-86.8094808", "URL": "https://www.census.gov/quickfacts/fact/table/birminghamcityalabama,US/PST045216"}, "83": {"City": "Jackson", "State": "MS", "Zipcode": "39201", "Rank": 91, "Population": "173593", "Over_65": "10.0", "Rent": "767", "Home_Price": "89500", "Assistance": "3063437", "Latitude": "32.2907734", "Longitude": "-90.1846217", "URL": "https://www.census.gov/quickfacts/fact/table/jacksoncitymississippi,US/PST045216"}, "84": {"City": "Miami", "State": "FL", "Zipcode": "33122", "Rank": 92, "Population": "45709", "Over_65": "6.0", "Rent": "1806", "Home_Price": "328600", "Assistance": "282275", "Latitude": "25.803565600000002", "Longitude": "-80.3185252", "URL": "https://www.census.gov/quickfacts/fact/table/doralcityflorida,US/PST045216"}, "85": {"City": "Memphis", "State": "TN", "Zipcode": "38103", "Rank": 93, "Population": "651836", "Over_65": "10.3", "Rent": "842", "Home_Price": "93700", "Assistance": "6624207", "Latitude": "35.154363200000006", "Longitude": "-90.06066369999998", "URL": "https://www.census.gov/quickfacts/fact/table/memphiscitytennessee,US/PST045216"}, "86": {"City": "New Orleans", "State": "LA", "Zipcode": "70112", "Rank": 95, "Population": "343829", "Over_65": "10.9", "Rent": "929", "Home_Price": "197000", "Assistance": "2667406", "Latitude": "29.95957689999999", "Longitude": "-90.0770127", "URL": "https://www.census.gov/quickfacts/fact/table/neworleanscitylouisiana,US/PST045216"}, "87": {"City": "Fresno", "State": "CA", "Zipcode": "93650", "Rank": 96, "Population": "496041", "Over_65": "9.3", "Rent": "901", "Home_Price": "187500", "Assistance": "4486734", "Latitude": "36.8420172", "Longitude": "-119.80194979999999", "URL": "https://www.census.gov/quickfacts/fact/table/fresnocitycalifornia,US/PST045216"}, "88": {"City": "Bakersfield", "State": "CA", "Zipcode": "93301", "Rank": 97, "Population": "347611", "Over_65": "8.4", "Rent": "1005", "Home_Price": "214600", "Assistance": "3073591", "Latitude": "35.3873576", "Longitude": "-119.0168962", "URL": "https://www.census.gov/quickfacts/fact/table/bakersfieldcitycalifornia,US/PST045216"}, "89": {"City": "Stockton", "State": "CA", "Zipcode": "95202", "Rank": 98, "Population": "291726", "Over_65": "10.0", "Rent": "967", "Home_Price": "191000", "Assistance": "1918080", "Latitude": "37.9573836", "Longitude": "-121.2883857", "URL": "https://www.census.gov/quickfacts/fact/table/stocktoncitycalifornia,US/PST045216"}, "90": {"City": "Modesto", "State": "CA", "Zipcode": "95350", "Rank": 99, "Population": "203119", "Over_65": "11.7", "Rent": "1034", "Home_Price": "208000", "Assistance": "2641840", "Latitude": "37.6697463", "Longitude": "-120.99910320000001", "URL": "https://www.census.gov/quickfacts/fact/table/modestocitycalifornia,US/PST045216"}}